Audi-a3,Audi-a5,Audi-q5,BMW-1-series,BMW-4-series,BMW-x3,Honda-pilot,Jeep-wrangler,MINI-clubman,MINI-countryman,Mazda-mazda5,Mercedes-Benz-gla,Mercedes-Benz-glk,Mitsubishi-outlander,Nissan-370z,Nissan-quest,Nissan-rogue-select,Subaru-outback,Toyota-tacoma,Volkswagen-cc,LABEL,PATH
4.332072894852601e-12,5.682372195665256e-15,0.0001375286083202809,4.384559122022624e-12,7.730255081307648e-16,0.06852065771818161,2.4463579961775395e-07,1.9065565098896897e-12,1.451436410296325e-12,6.248914985462761e-08,8.733471190680575e-08,4.635785644246937e-10,7.065400950523326e-06,0.9313340783119202,7.111905036274865e-19,1.1696909933689437e-11,2.542560650908854e-07,1.3877586579891243e-10,1.8710997196080825e-09,1.5499262978743364e-14,BMW-x3,mini_pictures\test\BMW-x3\BMW-x3_e24ee4eccccf_16.jpg
3.6197169706042587e-09,2.450086845646321e-13,1.0922654837486334e-05,3.5999081862171656e-13,1.2097235213559543e-08,0.003393957857042551,9.242893429473042e-05,5.5196268427181935e-14,6.496389914900647e-08,2.8696963454422075e-06,0.6897980570793152,2.0657184052197408e-07,1.650969534239266e-05,0.24961300194263458,2.587215381169572e-13,2.3463284378522076e-05,3.151697001158027e-06,0.05704532563686371,2.8487345815619847e-09,6.061029900195081e-09,Mitsubishi-outlander,mini_pictures\test\Mitsubishi-outlander\Mitsubishi-outlander_73319df1fc6c_02.jpg
1.8377271926439676e-11,6.745093443201802e-14,0.00011004840052919462,2.222286184405675e-06,9.202045347933563e-09,0.008114800788462162,6.624685067006808e-13,1.6987066186200175e-14,2.9557312153372095e-10,6.913322749824147e-07,1.1474147640910815e-06,4.431130662396754e-07,1.5588225821261403e-08,2.6050329324789345e-06,2.8877834151730397e-11,6.214732536190663e-19,0.977179229259491,0.014588767662644386,3.1077226902986865e-10,1.6431872681098303e-13,Subaru-outback,mini_pictures\test\Subaru-outback\Subaru-outback_459c9990f7aa_09.jpg
