{"val_loss": [1.9173262119293213, 1.9339373111724854, 1.4712681770324707, 1.5055153369903564, 1.300211787223816, 1.151672124862671, 1.156091570854187, 0.856537401676178, 0.7089216113090515, 0.6029502153396606, 0.7341136932373047, 0.7143155336380005, 0.6026993989944458, 0.4797374904155731, 0.6931651830673218, 0.32814106345176697, 0.27198946475982666, 0.29530638456344604, 0.18412359058856964, 0.4218979477882385, 0.2820855379104614, 0.31152039766311646, 0.29064738750457764, 0.14856921136379242, 0.25535041093826294, 0.26514706015586853, 0.10595975816249847, 0.2733737826347351, 0.5131886005401611, 0.2503478527069092, 0.19347411394119263, 0.2945956289768219, 0.085206538438797, 0.3439778685569763, 0.20983006060123444, 0.10667456686496735, 0.186764657497406, 0.09256409853696823, 0.13651028275489807, 0.3233344554901123, 0.1450553834438324, 0.020693127065896988, 0.23441973328590393, 0.14670544862747192, 0.12193405628204346, 0.17374099791049957, 0.1033938080072403, 0.17242512106895447, 0.11048495024442673, 0.16884221136569977, 0.19978465139865875, 0.1374039649963379, 0.09151525795459747, 0.028695123270154, 0.09758301824331284, 0.0840940922498703, 0.01572178676724434, 0.19412249326705933, 0.047398652881383896, 0.1739688366651535, 0.0515386201441288, 0.31969329714775085, 0.10867432504892349, 0.36425185203552246, 0.15306033194065094, 0.05343451723456383, 0.016592737287282944, 0.07909044623374939, 0.009300402365624905, 0.08360807597637177, 0.06402231752872467, 0.018362918868660927, 0.05255110189318657, 0.03339868038892746, 0.06305676698684692, 0.06217992305755615, 0.07330463826656342, 0.038738057017326355, 0.02201985940337181, 0.03463076055049896, 0.006555858068168163, 0.03824556991457939, 0.04541721194982529, 0.0017084777355194092, 0.07027538120746613, 0.055207375437021255, 0.11664006114006042, 0.2088419795036316, 0.10539565235376358, 0.02029639668762684, 0.01941278949379921, 0.03553614765405655, 0.017616674304008484, 0.12843003869056702, 0.04145829752087593, 0.005743063986301422, 0.02336793765425682, 0.07501326501369476, 0.04140165075659752, 0.2483191043138504], "val_accuracy": [0.47256097197532654, 0.5163806676864624, 0.570982813835144, 0.6099843978881836, 0.6864274740219116, 0.722308874130249, 0.714508593082428, 0.7254289984703064, 0.8143525719642639, 0.8424336910247803, 0.8252730369567871, 0.848673939704895, 0.8346334099769592, 0.8767550587654114, 0.8876755237579346, 0.9001560211181641, 0.9173166751861572, 0.9017160534858704, 0.9110764265060425, 0.9079563021659851, 0.8845553994178772, 0.9079563021659851, 0.9126365184783936, 0.9141965508460999, 0.9219968914985657, 0.923556923866272, 0.9329172968864441, 0.9422776699066162, 0.923556923866272, 0.9079563021659851, 0.9531981348991394, 0.948517918586731, 0.9344773888587952, 0.950078010559082, 0.9547581672668457, 0.9531981348991394, 0.9609984159469604, 0.9547581672668457, 0.9438377618789673, 0.9391575455665588, 0.9656786322593689, 0.9563182592391968, 0.9542682766914368, 0.9656786322593689, 0.9703587889671326, 0.9594383835792542, 0.9687987565994263, 0.9656786322593689, 0.9797191619873047, 0.9531981348991394, 0.9375975131988525, 0.9765990376472473, 0.9625585079193115, 0.9656786322593689, 0.9719188809394836, 0.9594383835792542, 0.9812792539596558, 0.9703587889671326, 0.975039005279541, 0.9828392863273621, 0.975039005279541, 0.9781591296195984, 0.9531981348991394, 0.9641185402870178, 0.9781591296195984, 0.9625585079193115, 0.9687987565994263, 0.9656786322593689, 0.9797191619873047, 0.975039005279541, 0.975039005279541, 0.9703587889671326, 0.9469578862190247, 0.9765990376472473, 0.9672386646270752, 0.9781591296195984, 0.9781591296195984, 0.9812792539596558, 0.9672386646270752, 0.975039005279541, 0.975039005279541, 0.9765990376472473, 0.9781591296195984, 0.9812792539596558, 0.9817073345184326, 0.9781591296195984, 0.9797191619873047, 0.9859594106674194, 0.9672386646270752, 0.9219968914985657, 0.975039005279541, 0.9797191619873047, 0.975039005279541, 0.9859594106674194, 0.9781591296195984, 0.9828392863273621, 0.975039005279541, 0.9843993782997131, 0.9875195026397705, 0.9781591296195984], "loss": [2.052842972147817, 1.7767790339667082, 1.5526081057037482, 1.3550577877946042, 1.191322990107637, 1.0571083172464169, 0.9297276141774302, 0.8115606499120656, 0.7205568536927428, 0.6515949589793693, 0.6002743093273307, 0.527433514092039, 0.49264648355512175, 0.4304685824028047, 0.4065427284703476, 0.364904558231056, 0.33933228883059213, 0.3012387140139246, 0.2944493386187131, 0.25838950877430056, 0.2549321933696836, 0.22758618767377192, 0.22006187157288884, 0.1876508552376731, 0.19434761824990124, 0.1722537317482228, 0.17266882790111693, 0.14132197540772112, 0.13490782703276927, 0.133401609073251, 0.12922441596283188, 0.10875366078021657, 0.10154647782507828, 0.10116527625654317, 0.09431445114471741, 0.07918602531532196, 0.07863995509088542, 0.0766125017077611, 0.07319803815727999, 0.06799594031161621, 0.0627579422439704, 0.060831903413189614, 0.04948379969129623, 0.05396377490951291, 0.04521665865956228, 0.05222952737618348, 0.03842390079507094, 0.03639507301527412, 0.03696761471278305, 0.037339115959399614, 0.032740123802796006, 0.034462555519890685, 0.03048415164298871, 0.03109165901215589, 0.025697494784620505, 0.0246332462303309, 0.0218678904217884, 0.021369236935782483, 0.020965105423531614, 0.021083015765806165, 0.016751442611500432, 0.01574807907042058, 0.01465280479967657, 0.01392439212669792, 0.016910160672576988, 0.012317270842156832, 0.013222773330507137, 0.01976151000943129, 0.009380387136381183, 0.009528139889051643, 0.009306720800369102, 0.008303373260818168, 0.02592659607420073, 0.009317440947644034, 0.007293966541829114, 0.006456742908035401, 0.007066071313265867, 0.010646090735247265, 0.006514780144776976, 0.0055834689332140966, 0.004569565268604369, 0.005058760565159378, 0.004265344786328585, 0.004092278959371655, 0.004329110498680976, 0.005270964098537846, 0.0038239856195800446, 0.0042154478721658575, 0.005702633104672191, 0.09983904624527509, 0.00640484136274914, 0.0034660605075405634, 0.003038307217653165, 0.0027664213098451997, 0.0026033686909783175, 0.002417490093679238, 0.002594657465795896, 0.002415323311066397, 0.00217475277149635, 0.00223514389481506], "accuracy": [