{"val_loss": [2.204501139490228, 0.725908421917467, 0.30029634124790594, 0.2512678150704365, 0.23513769254779185, 0.19843270210240851, 0.22535649445277967, 0.20778561585786326, 0.24372021469059368, 0.17273424573193322, 0.22748786250487069, 0.1822223946550824, 0.2290766199692985, 0.19299014534381842, 0.22568614178935423, 0.17731331910518622, 0.2034975862660945, 0.19004743082436504, 0.20321033845674122, 0.20487837888152394, 0.20171071255677625, 0.21432080835301354, 0.20191733793213668, 0.1939336598314197, 0.21602933967350335, 0.19202571919817008, 0.21103817648840267, 0.19606191383687077, 0.2026433591909756, 0.23025464019830652], "val_acc": [0.40460526315789475, 0.7831125815972587, 0.9172185438358231, 0.9254966891364546, 0.9139072843734791, 0.9337748340423534, 0.9337748332528879, 0.9172185418621593, 0.9023178819789003, 0.9370860927152318, 0.907284767422455, 0.9337748340423534, 0.9238410592079163, 0.9205298009297705, 0.9139072843734791, 0.9254966883469891, 0.9288079466251348, 0.9304635769484059, 0.9221854316477744, 0.9254966895311874, 0.9226973684210527, 0.9188741710012323, 0.9271523178807947, 0.9271523166965965, 0.9205298009297705, 0.932119204113815, 0.9172185418621593, 0.9337748332528879, 0.9188741717906977, 0.9172185426516248], "loss": [6.779927193108252, 1.1584363303703085, 0.12210141047242466, 0.015726461389969134, 0.003021245141481531, 0.0015520976462329809, 0.0009632045841919115, 0.0006896739108277984, 0.0005310206105858483, 0.00039773020820459967, 0.00032902212599811173, 0.0002570151401725684, 0.00022277848476072185, 0.00017531906437241184, 0.00015410516292643572, 0.0001363520913470823, 0.00010856607272221759, 0.00010087888314825944, 8.537780495582208e-05, 7.707322421573246e-05, 6.738046015271873e-05, 6.0323944435898334e-05, 5.39116721676875e-05, 4.736971770461392e-05, 4.353470763764239e-05, 4.045358911381765e-05, 3.524439943627336e-05, 3.265580264886962e-05, 3.0763021244088327e-05, 2.7424981289758442e-05], "acc": [0.17002118644067796, 0.7251989389129911, 0.9809018568271667, 0.9994694960212201, 1.0, 1.0, 1.0, 1.0, 1.0, 1.0, 1.0, 1.0, 1.0, 1.0, 1.0, 1.0, 1.0, 1.0, 1.0, 1.0, 1.0, 1.0, 1.0, 1.0, 1.0, 1.0, 1.0, 1.0, 1.0, 1.0]}