{"val_loss": [2.9145333766937256, 2.7135123227605757, 2.3642402026826974, 1.9297959757166983, 1.5657087682888209, 1.3792886805060685, 1.1516535700551722, 0.9858560573975772, 0.9655679606443999, 0.8308735734579579, 0.8160536151058626, 0.7873616135673017, 0.7932385004908833, 0.6317591505334866, 0.6676748892329386, 0.617409172437049, 0.5255099756038741, 0.6199330786206075, 0.5505483659687421, 0.5248545700351134, 0.5143561410276514, 0.5259099987563708, 0.4993190759459868, 0.490796982748619, 0.46165816022070827, 0.5548293977383746, 0.5376616980855828, 0.49268924518926255, 0.6048197201545665, 0.519388610558794], "val_acc": [0.13980263157894737, 0.19701986774703525, 0.30298013304243027, 0.3956953642384106, 0.53807946940921, 0.5645695364238411, 0.6374172177535808, 0.6589403969562606, 0.6854304643656244, 0.7284768204025874, 0.7251655625191745, 0.754966886627753, 0.7400662239813647, 0.7880794705934082, 0.7599337752291698, 0.8013245037059911, 0.8079470198675497, 0.8013245025217928, 0.8013245033112583, 0.8112582793298936, 0.8157894736842105, 0.822847680935007, 0.8311258282093023, 0.8311258274198368, 0.8261589392131528, 0.8079470206570152, 0.8278145699311565, 0.8278145687469584, 0.8129139084689665, 0.8079470198675497], "loss": [2.989263659816677, 2.834941708567288, 2.506729457865343, 2.033165664065738, 1.5913565896866493, 1.1954408109978591, 0.9960519899423939, 0.7411294707568951, 0.5920546567092208, 0.47977752113215805, 0.3775493101985132, 0.31351468484028583, 0.25550163153470035, 0.19867507715756444, 0.167838602724537, 0.14701820197725168, 0.12137009836634527, 0.09995118411213397, 0.09252087412011718, 0.07117612421986912, 0.05262190843845868, 0.044234417396688964, 0.034657698462591244, 0.03672451930273749, 0.03188449879836498, 0.027673331272617892, 0.02680456476478741, 0.020997935395183867, 0.02082286382523867, 0.029659831273895675], "acc": [0.059322033898305086, 0.15809018566848745, 0.2949602121304454, 0.3936339524601752, 0.508222811702708, 0.6456233420802048, 0.7145888590369996, 0.7936339523811239, 0.8339522544838073, 0.8763925732921226, 0.9082228117343285, 0.9236074274667694, 0.9395225461345136, 0.9591511933493677, 0.9612732092644871, 0.9708222815149342, 0.9787798408488063, 0.9809018567639257, 0.983554376657825, 0.9920424403183024, 0.9957559681697613, 0.9952254641909815, 0.9973474801061007, 0.9957559678851767, 0.9978779840848806, 0.9973474801061007, 0.9984084880636604, 0.9984084880636604, 0.9978779840848806, 0.9946949602122016]}