{"val_loss": [2.972793880261873, 2.9670133180176186, 2.9291766416158107, 2.829868798224342, 2.678998948722486, 2.5042049790060283, 2.3601848731767263, 2.0907628394120574, 1.9356650271952547, 1.7964351200899542, 1.6287942927404744, 1.543422730553229, 1.3524502389478368, 1.280553188545025, 1.2139350957428383, 1.1196484995993556, 1.0213851762923183, 0.9944895166434989, 0.8827828958334513, 0.7855574954424472, 0.8221895255540547, 0.701223155125877, 0.6685828223133718, 0.6129736730594508, 0.6422190299097276, 0.5740175207719108, 0.5386923942344868, 0.48579476941500277, 0.5551212240528587, 0.48580828131429404], "val_acc": [0.11348684210526316, 0.052980132450331126, 0.15231788099206836, 0.1506622518529955, 0.1854304638722085, 0.24503311278014783, 0.2665562914894117, 0.36258278155563683, 0.41887417238279684, 0.4602649018464499, 0.504966886627753, 0.5066225169510241, 0.5844370856979825, 0.5513245033112583, 0.6291390728476821, 0.6407284780053903, 0.6788079478093331, 0.6705298009297705, 0.7301324491469275, 0.7533112582781457, 0.7302631578947368, 0.7533112590676112, 0.7781456941800402, 0.7980132454278454, 0.7880794690144772, 0.822847682513938, 0.804635761589404, 0.8526490054383183, 0.8344370872769135, 0.8377483447655937], "loss": [2.993596287096961, 2.982953169870756, 2.968917860213262, 2.9185859732033403, 2.7891478820568056, 2.635733512858181, 2.435068837780535, 2.2163180862244625, 2.0320282942420294, 1.8486327008796308, 1.6618403111591895, 1.5419593976094172, 1.4082564696709103, 1.2147627951928095, 1.0959464876341882, 1.0023965518733866, 0.9159178039439477, 0.8070488844689387, 0.765525091421699, 0.6713524471227307, 0.6268862397348217, 0.5575339334396848, 0.48168362606741705, 0.43151885914549587, 0.420564421671455, 0.3777089991841455, 0.34066050685052846, 0.29422938393661136, 0.30892166858958947, 0.2803744410962578], "acc": [0.048199152542372885, 0.0673740053564231, 0.07957559686835944, 0.10450928381172352, 0.14429708233088334, 0.19787798407697552, 0.26366047738243475, 0.3204244031672136, 0.37188328915628893, 0.42758620699141325, 0.47639257256485107, 0.5119363394276849, 0.5527851456988712, 0.6031830234299921, 0.6413793105977916, 0.670026525451903, 0.7129973471006601, 0.7411140581973351, 0.7517241380575165, 0.7877984086145456, 0.7941644563599037, 0.8228116712772562, 0.8429708226922337, 0.8689655170200358, 0.8604774539287273, 0.8748010610711986, 0.8938992040859294, 0.9034482762098944, 0.9007957557468262, 0.9145888597642712]}